price,area,bedrooms,bathrooms,stories,mainroad,guestroom,basement,hotwaterheating,airconditioning,parking,prefarea,furnishingstatus
1829428,1000.0,4,3,1,yes,no,no,no,yes,1,yes,furnished
1081699,1016.5441176470588,2,1,1,yes,no,no,no,yes,0,no,furnished
1760694,1033.0882352941176,3,2,2,yes,no,yes,no,no,3,yes,semi-furnished
1335535,1049.6323529411766,2,1,2,yes,no,yes,no,yes,1,yes,furnished
1160126,1066.1764705882354,2,1,1,yes,yes,yes,no,yes,0,no,furnished
1265805,1082.7205882352941,2,1,1,yes,no,yes,no,yes,1,yes,semi-furnished
1567642,1099.264705882353,3,2,1,yes,no,no,no,yes,1,yes,semi-furnished
2142556,1115.8088235294117,5,4,1,yes,no,no,no,no,1,no,unfurnished
2047479,1132.3529411764705,4,3,2,yes,yes,yes,no,yes,2,yes,furnished
1562070,1148.8970588235293,2,1,3,yes,yes,no,no,yes,1,yes,unfurnished
1415308,1165.4411764705883,2,1,2,yes,no,yes,no,yes,1,yes,furnished
1295229,1181.985294117647,2,1,1,yes,yes,yes,yes,no,1,no,semi-furnished
2746417,1198.5294117647059,5,4,4,yes,no,no,no,yes,2,yes,semi-furnished
2183765,1215.0735294117646,4,3,3,yes,no,no,yes,no,0,no,furnished
2069317,1231.6176470588234,4,3,2,yes,no,no,no,no,1,yes,semi-furnished
1776879,1248.1617647058824,3,2,2,yes,no,yes,no,no,1,no,semi-furnished
1704902,1264.7058823529412,3,2,1,yes,yes,yes,no,yes,2,yes,unfurnished
1729471,1281.25,3,2,2,yes,no,no,no,yes,1,no,furnished
1323065,1297.7941176470588,1,0,2,yes,yes,no,no,yes,2,no,furnished
2442316,1314.3382352941176,4,3,4,yes,no,no,no,yes,1,yes,semi-furnished
1085856,1330.8823529411766,1,0,1,yes,no,yes,yes,no,2,no,semi-furnished
2233986,1347.4264705882351,4,3,2,yes,yes,yes,no,yes,2,no,unfurnished
1986142,1363.9705882352941,3,2,3,yes,yes,yes,no,yes,2,no,furnished
1696675,1380.514705882353,3,2,1,yes,yes,yes,no,yes,2,no,furnished
1631761,1397.0588235294117,2,1,2,yes,no,no,no,yes,1,no,furnished
1919933,1413.6029411764705,3,2,2,yes,yes,yes,no,yes,1,yes,furnished
1714740,1430.1470588235293,1,0,4,yes,yes,yes,no,yes,2,yes,semi-furnished
2058159,1446.6911764705883,3,2,3,yes,no,no,no,no,1,no,semi-furnished
1754065,1463.235294117647,2,1,3,yes,no,yes,yes,no,1,no,unfurnished
1882653,1479.7794117647059,3,2,2,yes,no,yes,no,yes,1,yes,semi-furnished
1681160,1496.3235294117646,3,2,1,yes,no,no,no,yes,1,no,unfurnished
1778332,1512.8676470588234,3,2,2,yes,no,no,no,yes,0,no,semi-furnished
1893610,1529.4117647058824,3,2,2,yes,no,no,no,yes,0,yes,furnished
2348674,1545.955882352941,4,3,3,yes,yes,yes,no,no,1,no,unfurnished
2365299,1562.5,4,3,3,yes,yes,yes,no,yes,1,no,furnished
2609541,1579.0441176470588,5,4,3,yes,no,no,no,yes,2,no,furnished
2490447,1595.5882352941176,5,4,1,yes,no,no,yes,no,1,yes,furnished
1534227,1612.1323529411766,2,1,1,yes,no,no,no,yes,2,no,furnished
2343208,1628.6764705882351,5,4,1,yes,yes,no,no,yes,0,no,unfurnished
1794578,1645.2205882352941,2,1,2,yes,no,no,no,yes,2,no,semi-furnished
1348131,1661.764705882353,1,0,2,yes,no,yes,no,yes,1,yes,furnished
2518913,1678.3088235294117,5,4,1,yes,no,no,no,yes,1,yes,furnished
2809065,1694.8529411764705,5,4,3,yes,no,no,no,yes,3,no,unfurnished
2485668,1711.3970588235293,4,3,3,yes,no,no,no,no,1,no,semi-furnished
2078530,1727.9411764705883,3,2,2,yes,no,no,no,yes,3,no,furnished
2192693,1744.4852941176468,3,2,3,yes,no,no,no,yes,1,no,semi-furnished
2256459,1761.0294117647059,4,3,1,yes,no,no,no,yes,1,no,furnished
2124214,1777.5735294117646,3,2,2,yes,no,no,no,yes,1,yes,furnished
1747006,1794.1176470588234,2,1,2,yes,no,yes,no,no,0,no,unfurnished
2117332,1810.6617647058824,3,2,2,yes,yes,yes,no,yes,2,yes,semi-furnished
1839242,1827.205882352941,3,2,1,yes,no,no,no,no,0,yes,unfurnished
2203154,1843.75,3,2,3,yes,no,no,no,yes,1,no,unfurnished
1889889,1860.2941176470588,3,2,1,yes,yes,no,no,yes,1,no,furnished
2337631,1876.8382352941176,3,2,3,yes,no,no,no,yes,1,no,semi-furnished
2658830,1893.3823529411766,4,3,4,yes,yes,no,no,yes,1,no,semi-furnished
2006114,1909.9264705882351,2,1,3,yes,no,no,no,yes,0,no,unfurnished
2015245,1926.4705882352941,3,2,1,yes,no,yes,no,no,1,yes,semi-furnished
2009049,1943.014705882353,3,2,1,yes,yes,no,no,yes,1,yes,furnished
2026619,1959.5588235294117,3,2,2,yes,yes,no,no,yes,0,no,semi-furnished
2107048,1976.1029411764705,3,2,2,yes,yes,no,no,yes,0,no,furnished
1540511,1992.6470588235293,1,0,2,yes,yes,no,no,no,0,no,semi-furnished
2861411,2009.1911764705883,5,4,2,yes,no,no,no,yes,3,no,semi-furnished
1805977,2025.735294117647,2,1,1,yes,no,no,no,yes,1,no,furnished
1436712,2042.2794117647059,1,0,2,yes,no,no,no,yes,0,yes,furnished
1989849,2058.823529411765,3,2,1,yes,no,yes,no,yes,1,yes,furnished
2459364,2075.3676470588234,4,3,2,yes,no,yes,no,yes,1,no,furnished
2204880,2091.911764705882,3,2,2,yes,no,yes,yes,no,1,no,furnished
2503949,2108.4558823529414,3,2,4,yes,no,no,no,no,1,no,unfurnished
1843784,2125.0,1,0,4,yes,no,no,no,yes,0,no,furnished
2277044,2141.5441176470586,3,2,2,yes,no,no,no,no,2,yes,furnished
2529160,2158.0882352941176,3,2,4,yes,no,yes,no,yes,2,yes,semi-furnished
2392525,2174.6323529411766,3,2,3,yes,no,no,no,yes,2,no,unfurnished
1920457,2191.176470588235,2,1,2,yes,no,no,no,yes,0,yes,unfurnished
1764324,2207.720588235294,1,0,3,yes,no,yes,no,no,1,yes,furnished
1980076,2224.264705882353,2,1,2,yes,no,yes,yes,no,2,no,furnished
2167916,2240.8088235294117,3,2,1,yes,no,no,yes,no,1,no,semi-furnished
2891901,2257.3529411764703,4,3,3,yes,no,no,no,yes,3,yes,furnished
2254782,2273.8970588235293,3,2,2,yes,no,no,no,yes,1,yes,furnished
2180974,2290.4411764705883,3,2,2,yes,yes,yes,no,yes,0,yes,furnished
1938829,2306.985294117647,2,1,2,yes,yes,no,no,yes,1,no,furnished
2121742,2323.529411764706,3,2,1,yes,no,no,yes,no,3,yes,semi-furnished
1624822,2340.073529411765,1,0,2,yes,no,yes,no,yes,0,no,semi-furnished
2217158,2356.6176470588234,2,1,3,yes,no,yes,no,yes,2,yes,furnished
3000799,2373.161764705882,4,3,4,yes,no,no,no,yes,1,no,semi-furnished
2011238,2389.705882352941,2,1,2,yes,no,no,yes,no,2,no,semi-furnished
2165863,2406.25,2,1,2,yes,no,no,no,yes,2,no,furnished
2331283,2422.7941176470586,3,2,2,yes,no,yes,no,no,1,yes,unfurnished
1542075,2439.3382352941176,1,0,1,yes,no,yes,no,no,0,no,semi-furnished
2466277,2455.8823529411766,3,2,2,yes,yes,yes,no,yes,1,yes,unfurnished
1717818,2472.426470588235,1,0,2,yes,no,no,no,no,1,no,furnished
2270246,2488.9705882352937,2,1,3,yes,no,no,no,yes,1,no,semi-furnished
3020504,2505.514705882353,5,4,2,yes,yes,yes,no,no,1,yes,furnished
2720714,2522.0588235294117,4,3,2,yes,yes,no,no,yes,1,no,furnished
2985470,2538.6029411764703,4,3,4,yes,no,yes,no,yes,0,no,semi-furnished
2514675,2555.1470588235293,3,2,2,yes,no,no,no,no,3,no,semi-furnished
2820001,2571.6911764705883,4,3,2,yes,no,no,no,yes,1,no,semi-furnished
1794049,2588.235294117647,1,0,2,yes,no,yes,no,no,2,yes,furnished
2139388,2604.779411764706,2,1,1,yes,yes,yes,no,yes,3,yes,semi-furnished
2793389,2621.323529411765,4,3,2,yes,no,no,no,yes,0,yes,unfurnished
2818190,2637.8676470588234,4,3,2,yes,yes,yes,no,no,2,yes,unfurnished
2844212,2654.411764705882,4,3,3,yes,no,yes,no,yes,1,yes,unfurnished
2140987,2670.955882352941,2,1,2,yes,no,no,no,no,1,yes,unfurnished
2519771,2687.5,3,2,2,yes,yes,no,no,yes,1,no,semi-furnished
2497131,2704.0441176470586,3,2,2,yes,yes,no,no,yes,1,no,furnished
2582240,2720.5882352941176,2,1,4,yes,yes,yes,no,no,2,yes,furnished
2241347,2737.1323529411766,1,0,4,yes,no,no,no,yes,1,no,unfurnished
2724645,2753.676470588235,4,3,2,yes,no,yes,no,yes,0,yes,semi-furnished
2768527,2770.2205882352937,4,3,2,yes,no,yes,no,no,0,yes,unfurnished
2852083,2786.764705882353,3,2,4,yes,no,no,no,no,1,no,semi-furnished
2429254,2803.3088235294117,3,2,1,yes,yes,no,yes,no,1,no,semi-furnished
2133834,2819.8529411764703,2,1,1,yes,yes,yes,no,no,0,yes,semi-furnished
2814911,2836.3970588235293,4,3,2,yes,no,no,no,yes,1,no,unfurnished
2079821,2852.9411764705883,1,0,2,yes,no,no,no,no,1,no,furnished
3415245,2869.485294117647,5,4,3,yes,no,yes,no,no,2,yes,furnished
2534335,2886.029411764706,3,2,2,yes,yes,yes,no,no,1,no,furnished
2277786,2902.573529411765,1,0,4,yes,yes,yes,no,yes,1,yes,semi-furnished
1886542,2919.1176470588234,1,0,1,yes,yes,yes,no,no,1,yes,unfurnished
2896391,2935.661764705882,4,3,1,yes,yes,no,no,yes,3,no,furnished
2404598,2952.205882352941,3,2,1,yes,no,yes,no,yes,0,yes,furnished
2972946,2968.75,4,3,3,yes,no,yes,no,yes,0,yes,semi-furnished
2455025,2985.2941176470586,1,0,4,yes,yes,yes,no,no,2,yes,furnished
2789073,3001.8382352941176,3,2,2,yes,yes,yes,no,yes,2,yes,semi-furnished
3077104,3018.3823529411766,4,3,3,yes,no,yes,no,no,1,yes,semi-furnished
2144097,3034.926470588235,2,1,1,yes,no,no,no,no,0,no,furnished
2699459,3051.470588235294,3,2,2,yes,no,no,no,no,1,no,furnished
2904427,3068.0147058823527,3,2,4,yes,no,no,no,yes,0,no,semi-furnished
2877629,3084.5588235294117,3,2,3,yes,no,yes,no,no,1,yes,unfurnished
2417040,3101.1029411764703,2,1,3,yes,no,no,no,yes,0,no,unfurnished
2266038,3117.6470588235293,1,0,3,yes,yes,no,no,yes,1,no,furnished
3379011,3134.1911764705883,5,4,2,yes,no,no,no,no,3,yes,semi-furnished
2852630,3150.735294117647,3,2,3,yes,yes,yes,no,no,1,no,unfurnished
3024326,3167.279411764706,4,3,2,yes,yes,no,no,no,1,no,semi-furnished
3226220,3183.8235294117644,3,2,4,yes,no,no,no,yes,3,no,semi-furnished
3515180,3200.3676470588234,5,4,3,yes,no,no,no,yes,0,no,unfurnished
3364950,3216.9117647058824,5,4,2,yes,no,yes,no,no,1,yes,semi-furnished
2765903,3233.455882352941,2,1,4,yes,no,no,no,yes,1,no,unfurnished
2947543,3250.0,3,2,3,yes,no,no,no,yes,3,no,unfurnished
2772762,3266.5441176470586,2,1,4,yes,no,no,no,no,2,no,semi-furnished
2583082,3283.0882352941176,2,1,2,yes,no,no,no,yes,1,no,semi-furnished
3354241,3299.632352941176,5,4,2,yes,yes,yes,no,yes,1,yes,furnished
3099273,3316.176470588235,3,2,4,yes,no,no,no,yes,2,no,unfurnished
2740544,3332.720588235294,3,2,2,yes,yes,yes,no,no,0,yes,semi-furnished
2456454,3349.2647058823527,2,1,1,yes,no,no,no,no,0,no,semi-furnished
2765400,3365.8088235294117,3,2,1,no,no,yes,yes,no,1,no,unfurnished
2906563,3382.3529411764703,3,2,2,yes,yes,yes,no,yes,3,no,furnished
2318040,3398.8970588235293,1,0,3,yes,no,no,no,no,0,no,furnished
2979513,3415.4411764705883,3,2,3,yes,no,no,no,no,1,no,semi-furnished
2833098,3431.985294117647,3,2,2,yes,no,no,no,no,1,no,semi-furnished
2975081,3448.529411764706,4,3,1,yes,no,no,no,no,1,yes,semi-furnished
2984551,3465.0735294117644,3,2,3,yes,no,yes,no,no,1,yes,semi-furnished
3095612,3481.6176470588234,3,2,4,yes,yes,yes,no,yes,0,yes,unfurnished
3156760,3498.161764705882,4,3,1,yes,no,no,no,yes,3,yes,semi-furnished
2207106,3514.705882352941,1,0,1,yes,yes,yes,no,yes,3,yes,furnished
3839036,3531.25,5,4,4,yes,no,yes,no,no,2,no,semi-furnished
2713171,3547.7941176470586,2,1,3,yes,no,no,no,no,1,no,semi-furnished
2590103,3564.3382352941176,2,1,2,yes,no,yes,no,no,1,yes,furnished
2837011,3580.882352941176,3,2,1,yes,yes,yes,no,no,1,yes,semi-furnished
2898679,3597.426470588235,3,2,2,no,yes,yes,no,no,1,no,furnished
2757747,3613.970588235294,3,2,1,yes,no,no,no,no,1,no,semi-furnished
3189843,3630.5147058823527,4,3,1,yes,yes,yes,no,yes,3,no,furnished
3037930,3647.0588235294117,3,2,2,yes,yes,no,no,yes,2,no,furnished
3288888,3663.6029411764703,3,2,4,yes,yes,no,no,yes,0,yes,semi-furnished
2885556,3680.1470588235293,3,2,1,yes,yes,yes,no,no,1,yes,semi-furnished
3404742,3696.6911764705883,5,4,1,yes,yes,yes,no,yes,0,yes,semi-furnished
3156502,3713.235294117647,3,2,2,yes,yes,yes,no,no,2,yes,furnished
3322588,3729.779411764706,4,3,2,yes,yes,yes,yes,no,1,no,unfurnished
2979549,3746.3235294117644,3,2,2,yes,no,yes,no,yes,1,yes,unfurnished
3885068,3762.8676470588234,5,4,4,yes,no,no,no,yes,0,no,semi-furnished
3571496,3779.411764705882,5,4,2,yes,no,yes,no,yes,1,no,furnished
3343304,3795.955882352941,4,3,1,no,no,no,no,yes,2,no,semi-furnished
2756591,3812.5,2,1,2,yes,no,yes,no,no,1,no,semi-furnished
2658457,3829.0441176470586,1,0,3,yes,no,no,no,no,1,yes,semi-furnished
3209658,3845.5882352941176,3,2,3,yes,yes,yes,no,yes,1,yes,unfurnished
3258394,3862.132352941176,3,2,2,yes,no,no,no,yes,3,yes,unfurnished
3438992,3878.676470588235,3,2,4,yes,yes,yes,no,no,1,yes,unfurnished
3265398,3895.220588235294,4,3,1,yes,yes,no,no,no,1,no,semi-furnished
2925092,3911.7647058823527,2,1,2,yes,no,no,no,yes,2,no,furnished
3006586,3928.3088235294117,3,2,1,yes,no,yes,no,no,2,yes,semi-furnished
3163592,3944.8529411764703,3,2,2,yes,yes,yes,no,no,2,yes,semi-furnished
3550784,3961.3970588235293,3,2,4,yes,no,no,no,no,3,no,semi-furnished
3429345,3977.941176470588,4,3,2,no,no,yes,no,yes,0,no,semi-furnished
3837743,3994.485294117647,4,3,4,yes,yes,yes,no,no,1,yes,furnished
3797456,4011.029411764706,5,4,2,no,no,no,no,yes,1,no,semi-furnished
3034812,4027.5735294117644,2,1,3,yes,no,no,no,no,1,yes,semi-furnished
3940457,4044.1176470588234,5,4,3,yes,yes,yes,no,no,1,no,furnished
2779854,4060.661764705882,1,0,2,yes,no,yes,no,no,3,no,unfurnished
3093680,4077.205882352941,3,2,1,yes,no,no,no,no,1,yes,furnished
3582907,4093.75,4,3,3,yes,no,yes,no,yes,0,yes,semi-furnished
4044755,4110.294117647059,5,4,4,yes,no,no,no,yes,1,yes,unfurnished
3205054,4126.838235294117,3,2,2,no,yes,yes,no,no,1,no,semi-furnished
3178041,4143.382352941177,3,2,2,yes,no,no,no,yes,1,no,furnished
3529449,4159.926470588235,4,3,1,yes,yes,yes,no,no,2,no,semi-furnished
2539616,4176.470588235294,1,0,2,yes,yes,yes,no,no,0,yes,furnished
3578982,4193.014705882353,3,2,4,yes,yes,yes,no,no,0,no,semi-furnished
3409092,4209.558823529412,3,2,4,yes,yes,yes,no,no,0,no,semi-furnished
3230920,4226.10294117647,2,1,3,yes,no,yes,no,no,3,no,semi-furnished
3244304,4242.64705882353,3,2,2,yes,yes,yes,yes,no,1,no,semi-furnished
2995281,4259.191176470587,2,1,2,no,no,yes,no,yes,0,no,semi-furnished
3227761,4275.735294117647,3,2,1,yes,no,no,no,yes,1,no,semi-furnished
3595988,4292.279411764706,4,3,2,yes,no,no,no,no,2,no,furnished
3336117,4308.823529411764,3,2,2,yes,no,yes,no,yes,1,no,semi-furnished
2653795,4325.367647058823,1,0,2,no,yes,yes,no,yes,1,no,semi-furnished
3340067,4341.911764705882,3,2,2,yes,no,yes,no,no,2,no,semi-furnished
3714861,4358.4558823529405,4,3,2,yes,no,no,no,no,2,no,semi-furnished
2571753,4375.0,1,0,1,yes,yes,yes,no,no,1,no,semi-furnished
3714631,4391.544117647059,3,2,4,yes,no,no,no,yes,1,no,semi-furnished
3632875,4408.088235294117,3,2,3,yes,yes,yes,no,yes,2,no,semi-furnished
3371515,4424.632352941177,3,2,1,yes,no,yes,no,yes,3,no,semi-furnished
3489193,4441.176470588235,3,2,3,yes,no,no,no,no,1,no,semi-furnished
3599565,4457.720588235294,4,3,2,yes,no,no,no,no,1,no,unfurnished
4041574,4474.264705882353,5,4,2,yes,yes,yes,no,no,1,no,semi-furnished
2808371,4490.808823529412,1,0,2,yes,no,no,no,no,1,no,furnished
3093647,4507.35294117647,2,1,2,yes,no,yes,no,yes,2,no,semi-furnished
3071470,4523.89705882353,2,1,2,yes,no,yes,no,no,1,no,semi-furnished
3714505,4540.441176470587,3,2,4,yes,no,yes,no,no,1,no,unfurnished
3495355,4556.985294117647,3,2,2,yes,no,no,no,no,2,no,unfurnished
3620583,4573.529411764706,3,2,4,yes,no,no,no,no,0,yes,semi-furnished
4012163,4590.073529411764,4,3,4,yes,no,no,no,yes,0,yes,furnished
3579011,4606.617647058823,4,3,1,yes,no,no,no,yes,0,yes,semi-furnished
3822821,4623.161764705882,4,3,2,yes,no,yes,no,no,2,no,unfurnished
2855466,4639.7058823529405,1,0,1,yes,no,yes,no,yes,3,no,semi-furnished
3296453,4656.25,3,2,1,yes,no,no,no,no,1,no,semi-furnished
3452331,4672.794117647059,3,2,2,yes,no,yes,no,yes,0,no,semi-furnished
3399509,4689.338235294117,2,1,3,yes,no,yes,no,yes,1,no,furnished
3757015,4705.882352941177,4,3,2,yes,no,no,no,yes,1,yes,unfurnished
4262823,4722.426470588235,5,4,3,yes,no,no,no,yes,1,no,semi-furnished
3494792,4738.970588235294,2,1,4,yes,no,no,no,yes,1,no,semi-furnished
3976545,4755.514705882353,5,4,1,yes,no,yes,no,yes,1,no,furnished
3767585,4772.058823529412,4,3,2,yes,no,no,no,no,1,no,semi-furnished
3579118,4788.60294117647,3,2,2,yes,yes,yes,no,no,1,no,semi-furnished
2979611,4805.14705882353,1,0,2,yes,no,no,no,no,2,yes,semi-furnished
3824438,4821.691176470587,3,2,3,yes,no,no,no,no,3,yes,semi-furnished
3382404,4838.235294117647,2,1,2,yes,no,yes,no,no,2,no,furnished
3264777,4854.779411764706,2,1,2,yes,yes,yes,no,yes,1,no,unfurnished
3274081,4871.323529411764,2,1,2,yes,no,yes,no,no,1,no,semi-furnished
3401800,4887.867647058823,3,2,1,yes,yes,no,no,yes,1,no,semi-furnished
4578997,4904.411764705882,5,4,4,yes,yes,yes,no,no,2,yes,semi-furnished
3679566,4920.9558823529405,3,2,2,yes,no,yes,no,no,2,no,semi-furnished
3576310,4937.5,3,2,1,yes,no,yes,no,no,1,no,semi-furnished
2844503,4954.044117647059,1,0,1,yes,no,no,no,no,1,no,furnished
4350168,4970.588235294117,5,4,3,yes,no,no,no,no,1,yes,semi-furnished
3458680,4987.132352941177,2,1,2,yes,no,no,no,no,2,no,semi-furnished
3118849,5003.676470588235,1,0,3,yes,no,no,no,yes,1,no,furnished
3635443,5020.220588235294,3,2,2,yes,no,yes,no,no,1,no,furnished
3645382,5036.764705882353,3,2,1,yes,yes,yes,no,no,3,yes,semi-furnished
3563474,5053.308823529412,2,1,2,yes,no,no,no,no,3,yes,unfurnished
4100255,5069.85294117647,4,3,3,yes,no,no,no,no,0,yes,semi-furnished
2949455,5086.39705882353,1,0,1,yes,no,no,no,no,1,no,unfurnished
3851538,5102.941176470588,3,2,3,yes,yes,yes,no,no,2,no,semi-furnished
4190139,5119.485294117647,5,4,1,yes,yes,yes,no,no,1,yes,furnished
4029316,5136.029411764705,4,3,2,yes,no,no,no,no,0,no,semi-furnished
4421557,5152.573529411765,5,4,2,yes,no,yes,no,no,2,no,semi-furnished
4107019,5169.117647058823,4,3,3,yes,no,no,no,no,0,no,semi-furnished
3378783,5185.661764705882,2,1,2,yes,no,no,no,no,1,yes,furnished
3932377,5202.2058823529405,3,2,3,yes,no,no,no,yes,2,no,semi-furnished
4029180,5218.75,4,3,2,yes,no,no,no,yes,1,no,unfurnished
4482604,5235.294117647059,5,4,3,yes,no,no,no,no,1,no,furnished
3551002,5251.838235294117,3,2,1,yes,no,no,no,no,0,no,furnished
3798971,5268.382352941177,3,2,2,yes,no,no,no,no,1,no,semi-furnished
3832366,5284.926470588235,3,2,2,yes,no,yes,no,yes,2,no,furnished
3074266,5301.470588235294,1,0,1,yes,no,no,no,yes,1,no,furnished
4405602,5318.014705882352,5,4,2,yes,no,no,no,no,0,no,semi-furnished
3456672,5334.558823529412,2,1,2,yes,yes,yes,no,no,0,no,semi-furnished
3965305,5351.10294117647,3,2,3,no,no,no,no,no,1,no,semi-furnished
3546741,5367.647058823529,2,1,2,yes,no,yes,no,no,1,no,semi-furnished
4301946,5384.191176470588,5,4,1,yes,no,no,no,no,0,yes,semi-furnished
4270892,5400.735294117647,5,4,1,yes,no,no,no,no,1,yes,unfurnished
4541023,5417.279411764705,4,3,4,yes,no,no,no,no,2,no,semi-furnished
3861769,5433.823529411765,3,2,2,yes,no,no,no,yes,0,no,semi-furnished
3868666,5450.367647058823,3,2,2,yes,no,no,no,no,1,no,unfurnished
4102716,5466.911764705882,3,2,4,yes,no,no,yes,no,1,no,furnished
3601874,5483.4558823529405,1,0,4,no,no,yes,no,no,1,no,semi-furnished
3839232,5500.0,3,2,2,yes,yes,yes,no,no,0,no,semi-furnished
4089268,5516.544117647059,3,2,3,yes,no,no,no,no,1,no,furnished
3854627,5533.088235294117,3,2,1,yes,no,no,no,no,2,no,semi-furnished
4044210,5549.632352941177,3,2,3,yes,no,yes,no,no,0,no,furnished
4016716,5566.176470588235,3,2,3,yes,no,no,no,no,1,no,semi-furnished
3495380,5582.720588235294,2,1,1,yes,no,no,no,no,0,yes,semi-furnished
4000953,5599.264705882352,3,2,2,yes,no,yes,no,no,1,yes,semi-furnished
4544138,5615.808823529412,5,4,2,yes,no,no,no,no,1,no,furnished
4424597,5632.35294117647,4,3,4,yes,no,no,no,no,0,no,unfurnished
3488578,5648.897058823529,2,1,1,yes,no,no,no,yes,1,no,furnished
4275507,5665.441176470588,4,3,2,no,yes,yes,no,yes,1,no,unfurnished
4210428,5681.985294117647,4,3,1,yes,no,no,no,no,1,no,furnished
4265719,5698.529411764705,4,3,2,yes,no,no,no,no,0,no,furnished
4039914,5715.073529411764,3,2,2,yes,yes,no,no,no,3,no,semi-furnished
4455894,5731.617647058823,4,3,2,yes,no,yes,no,no,3,yes,furnished
3790950,5748.161764705882,2,1,2,yes,no,no,no,yes,1,no,unfurnished
3841533,5764.7058823529405,3,2,1,yes,no,yes,no,yes,1,no,unfurnished
3795716,5781.25,3,2,1,yes,yes,yes,no,no,0,no,semi-furnished
3526077,5797.794117647059,2,1,1,no,no,no,no,no,0,no,semi-furnished
4372917,5814.338235294117,4,3,1,yes,no,yes,no,yes,2,no,unfurnished
4037150,5830.882352941177,3,2,2,no,no,no,no,no,1,no,semi-furnished
3882486,5847.426470588235,2,1,3,no,no,no,no,no,1,no,unfurnished
4655978,5863.970588235294,5,4,2,no,no,no,no,no,1,no,semi-furnished
4169930,5880.514705882352,4,3,1,no,no,no,no,no,0,no,semi-furnished
3683035,5897.058823529412,2,1,1,yes,no,no,no,yes,1,no,semi-furnished
4426720,5913.60294117647,5,4,1,yes,no,yes,no,no,0,no,unfurnished
3634276,5930.147058823529,2,1,1,yes,no,no,yes,no,1,no,semi-furnished
4429767,5946.691176470588,3,2,3,yes,no,no,no,no,3,no,furnished
4203150,5963.235294117647,3,2,2,yes,no,no,no,no,1,no,semi-furnished
4515155,5979.779411764705,5,4,1,yes,no,no,no,no,1,yes,semi-furnished
4641771,5996.323529411764,5,4,2,yes,no,no,no,no,1,yes,unfurnished
4144886,6012.867647058823,3,2,2,yes,no,yes,no,no,1,no,furnished
4373598,6029.411764705882,4,3,1,yes,no,yes,no,no,2,no,semi-furnished
4096984,6045.9558823529405,3,2,2,yes,no,no,no,no,0,no,semi-furnished
4135235,6062.5,3,2,2,yes,no,no,no,no,1,no,semi-furnished
3912437,6079.044117647059,2,1,2,yes,no,no,no,no,1,no,semi-furnished
3733781,6095.588235294117,2,1,1,yes,no,yes,no,no,1,no,semi-furnished
4015995,6112.132352941177,3,2,1,yes,no,no,no,yes,0,no,semi-furnished
3847587,6128.676470588235,2,1,2,yes,no,yes,no,no,1,no,semi-furnished
3912999,6145.220588235294,2,1,2,yes,no,yes,no,no,1,no,semi-furnished
4466174,6161.764705882352,4,3,2,yes,no,yes,no,yes,0,yes,furnished
3713834,6178.308823529412,1,0,2,yes,no,no,no,no,1,no,semi-furnished
4287457,6194.85294117647,3,2,2,yes,no,no,no,no,1,no,semi-furnished
5067028,6211.397058823529,5,4,3,yes,no,no,no,yes,1,no,semi-furnished
3953817,6227.941176470588,2,1,2,no,no,yes,no,no,1,no,unfurnished
3870474,6244.485294117647,2,1,1,yes,no,no,no,no,2,no,unfurnished
4951095,6261.029411764705,5,4,2,yes,no,no,no,no,1,no,semi-furnished
4286928,6277.573529411764,3,2,2,yes,no,yes,no,yes,1,no,semi-furnished
3934233,6294.117647058823,2,1,2,yes,no,no,no,no,1,yes,furnished
3868550,6310.661764705882,1,0,3,yes,no,no,yes,no,2,no,semi-furnished
4144565,6327.2058823529405,1,0,4,yes,no,yes,no,yes,2,no,furnished
4274524,6343.75,3,2,1,yes,no,no,no,no,2,no,semi-furnished
4661718,6360.294117647059,4,3,2,no,no,yes,no,yes,2,no,semi-furnished
4384023,6376.838235294117,3,2,2,yes,no,no,no,yes,0,no,semi-furnished
3851073,6393.382352941177,1,0,2,no,no,yes,no,no,2,no,unfurnished
4683970,6409.926470588235,4,3,2,no,no,no,no,yes,1,no,semi-furnished
4242700,6426.470588235294,3,2,1,no,no,yes,no,yes,1,no,semi-furnished
4137263,6443.014705882352,2,1,3,yes,no,no,no,no,1,no,furnished
4309727,6459.558823529412,3,2,2,yes,yes,yes,no,no,0,yes,unfurnished
4507710,6476.10294117647,3,2,3,yes,yes,yes,no,no,1,no,furnished
3950080,6492.647058823529,2,1,1,yes,yes,yes,no,no,1,no,semi-furnished
5067301,6509.191176470588,5,4,2,yes,no,no,no,no,2,no,semi-furnished
4547566,6525.735294117647,3,2,2,yes,no,no,yes,no,2,no,furnished
4404720,6542.279411764705,3,2,2,yes,no,yes,no,yes,1,no,furnished
4303072,6558.823529411764,3,2,1,yes,no,no,no,yes,2,no,semi-furnished
4337963,6575.367647058823,3,2,1,yes,no,yes,no,no,2,yes,unfurnished
5220167,6591.911764705882,5,4,3,yes,yes,yes,no,no,3,no,semi-furnished
4390264,6608.4558823529405,3,2,2,yes,no,no,no,no,0,no,furnished
4230152,6625.0,2,1,3,yes,no,no,no,no,0,no,semi-furnished
4538366,6641.544117647059,3,2,2,yes,no,yes,no,no,1,no,semi-furnished
4847868,6658.088235294117,3,2,4,yes,no,no,no,yes,2,no,furnished
4727229,6674.632352941176,4,3,2,yes,no,no,no,no,0,no,semi-furnished
4652840,6691.176470588235,3,2,2,yes,no,no,no,no,3,no,semi-furnished
4398229,6707.720588235294,3,2,1,yes,no,yes,no,no,0,yes,semi-furnished
4173913,6724.264705882352,2,1,2,yes,yes,no,no,no,1,yes,semi-furnished
4173036,6740.808823529412,2,1,2,yes,no,no,no,no,1,no,unfurnished
4481022,6757.35294117647,3,2,2,no,no,yes,no,no,0,no,semi-furnished
5052071,6773.897058823529,4,3,4,yes,no,no,no,no,0,no,semi-furnished
4690686,6790.441176470588,4,3,1,yes,no,no,yes,no,1,no,semi-furnished
4827931,6806.985294117647,4,3,2,yes,no,no,no,no,0,no,semi-furnished
4436553,6823.529411764705,3,2,1,yes,no,no,no,no,2,no,unfurnished
4704960,6840.073529411764,3,2,3,yes,no,no,no,no,1,yes,furnished
4327855,6856.617647058823,2,1,2,yes,no,no,no,no,1,no,furnished
4559450,6873.161764705882,3,2,2,yes,no,no,no,no,1,no,furnished
5006327,6889.7058823529405,4,3,3,no,no,yes,no,yes,0,no,furnished
4859768,6906.25,4,3,2,no,no,no,no,no,0,no,furnished
4266019,6922.794117647059,2,1,1,yes,no,no,no,no,3,yes,semi-furnished
4156811,6939.338235294117,2,1,1,yes,no,no,no,no,1,no,unfurnished
4534258,6955.882352941176,3,2,1,yes,no,no,no,no,0,no,semi-furnished
4914211,6972.426470588235,4,3,2,yes,no,no,no,no,1,no,semi-furnished
4527986,6988.970588235294,3,2,1,yes,no,no,no,no,3,no,furnished
4350861,7005.514705882352,2,1,2,yes,no,no,yes,no,1,no,semi-furnished
4364066,7022.058823529412,2,1,2,no,no,yes,yes,no,1,no,semi-furnished
5113077,7038.60294117647,5,4,1,yes,no,no,no,no,0,no,furnished
5232294,7055.147058823529,4,3,4,yes,no,yes,no,no,1,no,furnished
4975522,7071.691176470588,3,2,4,yes,no,no,no,yes,1,no,unfurnished
4725940,7088.235294117647,3,2,2,no,no,no,no,no,3,no,semi-furnished
4230155,7104.779411764705,1,0,2,yes,no,no,no,no,1,no,furnished
4226780,7121.323529411764,2,1,1,yes,no,no,no,yes,1,no,semi-furnished
4629839,7137.867647058823,3,2,1,yes,no,yes,no,no,3,no,semi-furnished
4932495,7154.411764705882,3,2,3,no,no,yes,no,no,1,no,semi-furnished
4911349,7170.9558823529405,4,3,1,yes,no,no,no,yes,2,no,furnished
4597294,7187.5,2,1,3,yes,no,yes,no,no,1,no,semi-furnished
4398806,7204.044117647059,1,0,3,yes,yes,yes,no,no,1,no,unfurnished
4322369,7220.588235294117,2,1,1,yes,no,no,no,no,2,no,semi-furnished
4996890,7237.132352941176,4,3,2,no,no,yes,no,no,0,yes,unfurnished
4716596,7253.676470588235,3,2,2,yes,no,no,yes,yes,1,yes,semi-furnished
4871069,7270.220588235294,4,3,1,yes,no,no,no,no,0,yes,unfurnished
4654364,7286.764705882352,3,2,1,yes,no,no,no,no,1,no,semi-furnished
5120155,7303.308823529412,3,2,4,yes,no,no,no,no,1,yes,semi-furnished
5030932,7319.85294117647,4,3,1,yes,no,yes,no,no,1,no,furnished
5091447,7336.397058823529,3,2,4,yes,no,yes,no,no,0,no,furnished
5436717,7352.941176470587,4,3,4,no,no,no,no,no,1,no,furnished
4948773,7369.485294117647,4,3,1,yes,no,no,no,no,0,no,unfurnished
5362970,7386.029411764705,4,3,3,yes,no,no,no,no,2,no,unfurnished
5091051,7402.573529411764,3,2,4,yes,no,no,no,yes,0,no,semi-furnished
4777691,7419.117647058823,2,1,3,yes,no,no,no,no,2,no,unfurnished
4743104,7435.661764705882,3,2,1,yes,no,no,no,no,1,no,semi-furnished
4359902,7452.2058823529405,2,1,1,no,no,no,no,no,1,no,unfurnished
4388881,7468.75,1,0,3,yes,no,yes,no,no,1,no,semi-furnished
5381965,7485.294117647059,4,3,3,yes,no,no,no,no,0,no,semi-furnished
5125847,7501.838235294117,3,2,3,no,no,no,no,no,3,no,unfurnished
4964349,7518.382352941176,3,2,2,no,no,no,no,yes,1,no,unfurnished
4919954,7534.926470588235,3,2,2,yes,no,no,no,no,1,no,unfurnished
5187403,7551.470588235294,4,3,2,yes,no,no,no,no,1,no,semi-furnished
4995667,7568.014705882352,3,2,2,yes,no,no,no,no,2,no,furnished
4461621,7584.558823529412,2,1,1,yes,no,no,no,no,1,no,unfurnished
5120487,7601.10294117647,3,2,2,yes,no,no,no,no,3,no,semi-furnished
4542871,7617.647058823529,2,1,2,yes,no,no,no,no,0,yes,unfurnished
5058108,7634.191176470587,4,3,1,yes,no,no,no,no,1,yes,unfurnished
4989658,7650.735294117647,3,2,2,yes,no,no,no,no,1,no,unfurnished
5388046,7667.279411764705,5,4,1,yes,no,no,no,no,1,no,unfurnished
4772021,7683.823529411764,2,1,2,no,no,no,no,no,2,no,unfurnished
4908604,7700.367647058823,2,1,4,yes,no,no,no,no,0,no,unfurnished
5005974,7716.911764705882,3,2,2,yes,no,no,no,no,1,yes,unfurnished
4685862,7733.4558823529405,1,0,3,yes,no,no,no,no,2,yes,furnished
5308390,7750.0,4,3,2,yes,no,no,no,no,1,no,unfurnished
5531417,7766.544117647059,5,4,2,yes,no,no,no,no,1,no,unfurnished
4723254,7783.088235294117,2,1,2,yes,no,no,no,no,2,no,unfurnished
5793469,7799.632352941176,5,4,3,yes,no,no,no,no,0,yes,furnished
4719771,7816.176470588235,2,1,2,yes,no,yes,no,no,0,yes,unfurnished
5776107,7832.720588235294,5,4,3,yes,no,yes,no,no,1,yes,unfurnished
4521915,7849.264705882352,1,0,2,yes,no,no,no,no,2,no,unfurnished
5621778,7865.808823529412,5,4,2,yes,yes,yes,no,yes,1,no,furnished
5036730,7882.35294117647,3,2,1,yes,no,yes,no,no,1,no,unfurnished
4798847,7898.897058823529,2,1,2,yes,no,no,no,no,1,no,furnished
4739788,7915.441176470587,2,1,2,yes,no,no,no,yes,1,no,unfurnished
4934631,7931.985294117647,3,2,1,no,no,no,no,no,1,no,semi-furnished
4702512,7948.529411764705,2,1,1,yes,no,no,no,no,3,no,unfurnished
5180676,7965.073529411764,2,1,4,yes,no,no,no,no,1,no,unfurnished
5007782,7981.617647058823,2,1,2,no,no,no,no,yes,3,no,unfurnished
4658301,7998.161764705882,1,0,2,yes,no,no,no,no,2,no,unfurnished
5571316,8014.7058823529405,3,2,4,no,no,yes,no,no,3,no,semi-furnished
4824008,8031.25,2,1,2,yes,no,yes,no,no,1,no,furnished
5172300,8047.794117647059,3,2,1,no,no,no,no,no,3,no,furnished
5078017,8064.338235294117,3,2,1,yes,no,yes,no,no,1,yes,furnished
4722064,8080.882352941176,2,1,2,yes,no,no,no,no,0,no,unfurnished
5565745,8097.426470588235,4,3,2,yes,no,no,no,no,1,no,unfurnished
5085562,8113.970588235294,2,1,4,no,no,no,no,yes,0,no,unfurnished
5161007,8130.514705882352,3,2,1,yes,no,yes,no,yes,3,no,unfurnished
5255432,8147.058823529412,3,2,3,yes,yes,yes,no,no,1,no,furnished
5600342,8163.60294117647,4,3,2,no,no,no,no,no,2,no,semi-furnished
5137282,8180.147058823529,3,2,1,yes,no,no,no,no,3,no,semi-furnished
5586061,8196.691176470587,4,3,2,yes,no,no,no,no,0,no,unfurnished
5548709,8213.235294117647,3,2,4,yes,no,yes,no,no,1,yes,furnished
5404943,8229.779411764706,3,2,2,yes,no,no,no,no,3,no,unfurnished
5581931,8246.323529411764,3,2,4,no,no,no,no,no,1,no,semi-furnished
4990868,8262.867647058823,2,1,2,no,no,no,no,no,1,no,unfurnished
5215511,8279.411764705881,2,1,3,yes,no,yes,no,no,1,no,unfurnished
5138478,8295.95588235294,3,2,1,yes,no,no,no,no,1,no,unfurnished
5932753,8312.5,4,3,3,yes,no,no,no,yes,3,no,unfurnished
5328725,8329.04411764706,3,2,2,no,no,no,no,no,1,no,unfurnished
5937287,8345.588235294117,5,4,2,no,no,no,no,no,2,no,furnished
5273899,8362.132352941175,2,1,3,yes,no,no,no,no,3,no,furnished
5444442,8378.676470588234,3,2,3,no,yes,yes,no,no,2,no,unfurnished
4874896,8395.220588235294,2,1,1,no,no,yes,no,no,1,no,semi-furnished
5237481,8411.764705882353,3,2,2,yes,no,no,no,no,0,no,semi-furnished
5066639,8428.308823529413,2,1,2,no,no,yes,no,no,1,no,unfurnished
5200997,8444.85294117647,2,1,2,yes,no,yes,no,no,3,no,semi-furnished
5799649,8461.397058823528,3,2,4,yes,no,no,no,no,1,no,semi-furnished
5723008,8477.941176470587,3,2,4,yes,no,no,no,no,1,no,semi-furnished
5600283,8494.485294117647,3,2,2,yes,no,no,no,no,3,no,unfurnished
5964544,8511.029411764706,5,4,2,yes,no,no,no,yes,1,no,unfurnished
6121519,8527.573529411764,5,4,3,yes,no,yes,no,no,1,no,unfurnished
5010228,8544.117647058823,2,1,1,yes,no,no,no,no,2,yes,semi-furnished
4916767,8560.661764705881,2,1,1,no,no,no,no,yes,1,no,unfurnished
5998939,8577.20588235294,5,4,1,yes,no,no,no,no,1,no,unfurnished
4850748,8593.75,1,0,1,yes,no,no,no,no,3,no,unfurnished
5202659,8610.29411764706,2,1,2,yes,no,no,no,no,1,no,unfurnished
5390437,8626.838235294117,3,2,2,yes,no,yes,no,yes,1,no,unfurnished
5802515,8643.382352941175,4,3,2,no,no,yes,no,no,2,no,semi-furnished
5517364,8659.926470588234,3,2,2,yes,yes,yes,no,no,1,no,unfurnished
5213020,8676.470588235294,2,1,2,yes,no,no,yes,no,1,no,semi-furnished
5760364,8693.014705882353,3,2,4,yes,no,no,no,no,1,no,unfurnished
6148735,8709.558823529413,5,4,2,no,no,no,no,no,3,no,semi-furnished
5713660,8726.10294117647,3,2,3,yes,no,no,no,no,0,no,semi-furnished
5444892,8742.647058823528,2,1,3,yes,no,no,no,no,2,no,semi-furnished
5349552,8759.191176470587,3,2,1,yes,no,no,no,no,2,no,furnished
4735386,8775.735294117647,1,0,1,no,no,no,no,no,0,no,unfurnished
5451341,8792.279411764706,3,2,2,yes,no,no,no,no,1,no,unfurnished
5906669,8808.823529411764,4,3,3,yes,no,no,no,no,0,no,semi-furnished
5375889,8825.367647058823,3,2,1,yes,no,no,no,no,0,no,unfurnished
5631782,8841.911764705881,3,2,2,no,no,no,no,no,0,no,unfurnished
5291942,8858.45588235294,2,1,2,yes,no,no,no,no,1,no,semi-furnished
5215538,8875.0,2,1,1,yes,no,yes,no,no,2,no,unfurnished
5971481,8891.54411764706,4,3,3,yes,no,no,no,no,1,no,unfurnished
4804542,8908.088235294117,1,0,1,no,no,no,no,no,1,no,unfurnished
5436800,8924.632352941175,3,2,1,no,no,no,no,no,1,no,unfurnished
5738587,8941.176470588234,3,2,3,no,no,no,no,no,0,no,semi-furnished
5560482,8957.720588235294,3,2,1,no,no,no,no,no,3,no,furnished
5505927,8974.264705882353,3,2,1,no,no,no,no,no,1,no,unfurnished
6056545,8990.808823529413,3,2,4,yes,no,no,no,no,2,no,semi-furnished
6160883,9007.35294117647,5,4,1,no,no,no,no,no,2,no,unfurnished
5712073,9023.897058823528,3,2,2,yes,no,no,no,no,1,no,unfurnished
5950936,9040.441176470587,3,2,4,yes,no,no,no,no,1,no,semi-furnished
5675662,9056.985294117647,3,2,2,yes,no,no,no,no,1,no,unfurnished
5486642,9073.529411764706,3,2,1,yes,no,no,no,no,1,no,unfurnished
5564831,9090.073529411764,3,2,1,no,no,no,no,no,0,no,semi-furnished
6214031,9106.617647058823,4,3,4,no,no,no,yes,no,0,no,unfurnished
5143999,9123.161764705881,2,1,1,no,no,no,no,no,0,no,furnished
5549515,9139.70588235294,2,1,3,yes,no,yes,no,no,2,no,unfurnished
5388769,9156.25,2,1,1,yes,no,no,no,no,1,no,furnished
5518003,9172.79411764706,3,2,1,yes,no,no,no,no,1,no,unfurnished
5679368,9189.338235294117,3,2,1,yes,no,no,no,no,2,no,unfurnished
6366603,9205.882352941177,4,3,4,yes,no,no,no,no,0,no,unfurnished
5526824,9222.426470588234,3,2,1,yes,no,no,no,no,1,no,unfurnished
5832236,9238.970588235294,3,2,3,yes,no,no,no,no,0,no,semi-furnished
5385587,9255.514705882353,2,1,1,no,yes,no,no,no,1,no,unfurnished
5510749,9272.05882352941,2,1,1,yes,no,no,no,no,3,no,unfurnished
6545109,9288.60294117647,5,4,3,no,no,no,no,no,2,no,unfurnished
5288541,9305.14705882353,2,1,1,yes,no,no,no,no,0,no,semi-furnished
5959847,9321.691176470587,4,3,1,yes,no,no,no,no,0,no,semi-furnished
6318340,9338.235294117647,5,4,2,yes,no,no,no,yes,0,no,unfurnished
5730891,9354.779411764704,2,1,3,yes,no,no,no,yes,1,no,unfurnished
5715776,9371.323529411764,2,1,3,no,no,no,no,no,2,no,unfurnished
5647652,9387.867647058823,2,1,3,yes,no,no,no,no,1,no,unfurnished
6379426,9404.411764705881,4,3,2,yes,no,no,no,no,3,no,unfurnished
5466959,9420.95588235294,2,1,1,yes,no,yes,no,no,1,no,furnished
5964279,9437.5,3,2,2,no,no,no,no,no,3,no,unfurnished
6424309,9454.044117647058,5,4,2,no,no,no,no,no,1,no,unfurnished
5898916,9470.588235294117,3,2,2,yes,no,no,no,no,3,no,furnished
5356024,9487.132352941177,1,0,2,yes,no,no,no,no,1,no,unfurnished
6655301,9503.676470588234,5,4,3,no,no,no,no,no,1,no,semi-furnished
5953486,9520.220588235294,3,2,2,yes,no,yes,no,no,1,no,unfurnished
6204141,9536.764705882353,3,2,4,no,yes,no,no,no,2,no,unfurnished
5168966,9553.30882352941,1,0,2,yes,no,no,no,no,0,no,unfurnished
6159316,9569.85294117647,4,3,2,yes,yes,no,no,no,1,no,unfurnished
6517073,9586.39705882353,4,3,4,yes,no,no,no,no,1,no,unfurnished
5185764,9602.941176470587,1,0,1,yes,no,no,no,no,0,no,unfurnished
6108155,9619.485294117647,3,2,2,no,no,no,no,no,2,no,unfurnished
5769668,9636.029411764704,2,1,3,yes,no,no,no,no,1,no,furnished
5911288,9652.573529411764,3,2,2,yes,no,no,no,no,1,no,furnished
5457341,9669.117647058823,1,0,2,yes,no,no,no,no,2,no,unfurnished
6281063,9685.661764705881,3,2,3,yes,no,no,no,no,3,no,unfurnished
6032340,9702.20588235294,3,2,2,yes,no,no,no,no,0,no,unfurnished
6242285,9718.75,4,3,1,no,no,yes,no,no,2,no,semi-furnished
5946227,9735.294117647058,3,2,1,no,no,no,no,no,3,no,unfurnished
6478590,9751.838235294117,4,3,2,yes,no,yes,no,no,3,no,unfurnished
5916592,9768.382352941177,3,2,1,no,no,no,yes,no,1,no,unfurnished
6071441,9784.926470588234,3,2,2,no,no,no,no,yes,0,yes,unfurnished
6140643,9801.470588235294,3,2,2,no,no,no,no,no,1,no,unfurnished
5913737,9818.014705882353,3,2,1,yes,no,no,no,no,1,no,unfurnished
7020564,9834.55882352941,5,4,3,yes,no,no,no,no,3,no,unfurnished
6372945,9851.10294117647,3,2,4,yes,no,no,no,no,1,no,unfurnished
5976253,9867.64705882353,3,2,1,no,no,no,no,no,1,no,unfurnished
6419390,9884.191176470587,3,2,4,yes,no,no,no,no,1,no,unfurnished
6940997,9900.735294117647,5,4,4,yes,no,no,no,no,0,no,unfurnished
6215758,9917.279411764704,3,2,3,no,no,no,no,no,1,no,unfurnished
6439182,9933.823529411764,4,3,2,yes,no,yes,no,no,0,no,unfurnished
6495573,9950.367647058823,3,2,4,no,no,no,no,no,2,no,semi-furnished
6395799,9966.911764705881,4,3,2,yes,no,no,no,no,1,no,unfurnished
5939062,9983.45588235294,3,2,1,no,no,no,no,no,1,no,furnished
6146078,10000.0,3,2,2,yes,no,no,no,no,2,no,unfurnished
